SubjID,cond,RespID,ItemID,tord,tplay,tbegin,tend,choice,listID,ncond,tloc,cloc,RT,mtord,half
10,control,204.0,boat,4.0,5615251.0,5617051.0,5618731.0,TARGET,newer_NNS2,NNS,4,10,1680.0,9.5,0.0
10,control,206.0,pizza,6.0,5669301.0,5670281.0,5671854.0,TARGET,newer_NNS2,NNS,12,3,1573.0,9.5,0.0
10,control,211.0,telephone,11.0,5830743.0,5832213.0,5833758.0,TARGET,newer_NNS2,NNS,14,5,1545.0,9.5,1.0
10,control,208.0,chair,8.0,5743075.0,5744905.0,5746362.0,TARGET,newer_NNS2,NNS,11,3,1457.0,9.5,0.0
10,control,213.0,swan,13.0,5876769.0,5877989.0,5879576.0,TARGET,newer_NNS2,NNS,4,5,1587.0,9.5,1.0
10,control,214.0,egg,14.0,5924989.0,5927159.0,5929380.0,TARGET,newer_NNS2,NNS,13,16,2221.0,9.5,1.0
10,control,202.0,apple,2.0,5565026.0,5566746.0,5567776.0,TARGET,newer_NNS2,NNS,14,16,1030.0,9.5,0.0
10,control,216.0,dog,16.0,5962111.0,5963691.0,5965701.0,TARGET,newer_NNS2,NNS,8,10,2010.0,9.5,1.0
10,exp,201.0,bluecup,1.0,5553272.0,5555442.0,5557464.0,TARGET,newer_NNS2,NNS,9,3,2022.0,8.0,0.0
10,exp,215.0,woodenbowl,15.0,5937054.0,5938214.0,5939556.0,COMPETITOR,newer_NNS2,NNS,15,10,1342.0,8.0,1.0
10,exp,203.0,lamp,3.0,5594286.0,5595466.0,5598914.0,COMPETITOR,newer_NNS2,NNS,1,3,3448.0,8.0,0.0
10,exp,212.0,key,12.0,5856650.0,5857980.0,5859391.0,TARGET,newer_NNS2,NNS,1,16,1411.0,8.0,1.0
10,exp,205.0,grapes,5.0,5645966.0,5646986.0,5648781.0,TARGET,newer_NNS2,NNS,6,16,1795.0,8.0,0.0
10,exp,210.0,icecream,10.0,5817260.0,5819290.0,5820221.0,COMPETITOR,newer_NNS2,NNS,4,10,931.0,8.0,1.0
10,exp,207.0,cat,7.0,5727930.0,5729210.0,5731225.0,COMPETITOR,newer_NNS2,NNS,15,5,2015.0,8.0,0.0
10,exp,209.0,chicken,9.0,5767508.0,5768668.0,5770651.0,COMPETITOR,newer_NNS2,NNS,11,5,1983.0,8.0,1.0
11,control,225.0,grapes,5.0,8435628.0,8436478.0,8438546.0,TARGET,newer_NS1,NS,6,16,2068.0,9.0,0.0
11,control,227.0,cat,7.0,8514361.0,8515661.0,8517438.0,TARGET,newer_NS1,NS,15,5,1777.0,9.0,0.0
11,control,232.0,key,12.0,8635238.0,8636438.0,8637973.0,TARGET,newer_NS1,NS,1,16,1535.0,9.0,1.0
11,control,229.0,chicken,9.0,8556577.0,8557567.0,8559656.0,TARGET,newer_NS1,NS,11,5,2089.0,9.0,1.0
11,control,230.0,icecream,10.0,8596860.0,8598870.0,8601923.0,TARGET,newer_NS1,NS,4,10,3053.0,9.0,1.0
11,control,235.0,woodenbowl,15.0,8714343.0,8715333.0,8717049.0,TARGET,newer_NS1,NS,15,10,1716.0,9.0,1.0
11,control,223.0,lamp,3.0,8377198.0,8378138.0,8380791.0,TARGET,newer_NS1,NS,1,3,2653.0,9.0,0.0
11,exp,222.0,apple,2.0,8341692.0,8343482.0,8349165.0,TARGET,newer_NS1,NS,14,16,5683.0,9.5,0.0
11,exp,236.0,dog,16.0,8740327.0,8741807.0,8745507.0,COMPETITOR,newer_NS1,NS,8,10,3700.0,9.5,1.0
11,exp,224.0,boat,4.0,8400845.0,8402265.0,8404080.0,TARGET,newer_NS1,NS,4,10,1815.0,9.5,0.0
11,exp,233.0,swan,13.0,8655269.0,8656359.0,8658718.0,COMPETITOR,newer_NS1,NS,4,5,2359.0,9.5,1.0
11,exp,226.0,pizza,6.0,8457519.0,8458509.0,8461803.0,COMPETITOR,newer_NS1,NS,12,3,3294.0,9.5,0.0
11,exp,231.0,telephone,11.0,8609392.0,8610752.0,8612667.0,COMPETITOR,newer_NS1,NS,14,5,1915.0,9.5,1.0
11,exp,228.0,chair,8.0,8528140.0,8529710.0,8532071.0,COMPETITOR,newer_NS1,NS,11,3,2361.0,9.5,0.0
11,exp,234.0,egg,14.0,8703575.0,8705305.0,8707209.0,COMPETITOR,newer_NS1,NS,13,16,1904.0,9.5,1.0
12,control,244.0,boat,4.0,2065421.0,2066841.0,2068328.0,TARGET,newer_NS2,NS,4,10,1487.0,9.5,0.0
12,control,246.0,pizza,6.0,2117614.0,2118604.0,2120419.0,TARGET,newer_NS2,NS,12,3,1815.0,9.5,0.0
12,control,251.0,telephone,11.0,2263754.0,2265114.0,2267426.0,TARGET,newer_NS2,NS,14,5,2312.0,9.5,1.0
12,control,248.0,chair,8.0,2186205.0,2187775.0,2189182.0,TARGET,newer_NS2,NS,11,3,1407.0,9.5,0.0
12,control,253.0,swan,13.0,2309623.0,2310713.0,2312749.0,TARGET,newer_NS2,NS,4,5,2036.0,9.5,1.0
12,control,254.0,egg,14.0,2355926.0,2357656.0,2359111.0,TARGET,newer_NS2,NS,13,16,1455.0,9.5,1.0
12,control,242.0,apple,2.0,2012208.0,2013998.0,2016134.0,TARGET,newer_NS2,NS,14,16,2136.0,9.5,0.0
12,control,256.0,dog,16.0,2393494.0,2394974.0,2397729.0,TARGET,newer_NS2,NS,8,10,2755.0,9.5,1.0
12,exp,241.0,bluecup,1.0,1997978.0,1999758.0,2003044.0,TARGET,newer_NS2,NS,9,3,3286.0,8.0,0.0
12,exp,255.0,woodenbowl,15.0,2367162.0,2368152.0,2370527.0,TARGET,newer_NS2,NS,15,10,2375.0,8.0,1.0
12,exp,243.0,lamp,3.0,2043928.0,2044868.0,2046799.0,TARGET,newer_NS2,NS,1,3,1931.0,8.0,0.0
12,exp,252.0,key,12.0,2289874.0,2291074.0,2292764.0,TARGET,newer_NS2,NS,1,16,1690.0,8.0,1.0
12,exp,245.0,grapes,5.0,2094403.0,2095253.0,2097241.0,TARGET,newer_NS2,NS,6,16,1988.0,8.0,0.0
12,exp,250.0,icecream,10.0,2251977.0,2253987.0,2255530.0,TARGET,newer_NS2,NS,4,10,1543.0,8.0,1.0
12,exp,247.0,cat,7.0,2170434.0,2171734.0,2174845.0,TARGET,newer_NS2,NS,15,5,3111.0,8.0,0.0
12,exp,249.0,chicken,9.0,2208882.0,2209872.0,2211799.0,TARGET,newer_NS2,NS,11,5,1927.0,8.0,1.0
15,control,301.0,dog,1.0,7537244.0,7538824.0,7541905.0,TARGET,newer_NNS2_reverse,NNS,8,10,3081.0,8.0,0.0
15,control,315.0,apple,15.0,8025118.0,8026838.0,8030217.0,TARGET,newer_NNS2_reverse,NNS,14,16,3379.0,8.0,1.0
15,control,303.0,egg,3.0,7587603.0,7589773.0,7591675.0,TARGET,newer_NNS2_reverse,NNS,13,16,1902.0,8.0,0.0
15,control,304.0,swan,4.0,7626953.0,7628043.0,7630493.0,TARGET,newer_NNS2_reverse,NNS,4,5,2450.0,8.0,0.0
15,control,313.0,boat,13.0,7976180.0,7977980.0,7983479.0,TARGET,newer_NNS2_reverse,NNS,4,10,5499.0,8.0,1.0
15,control,306.0,telephone,6.0,7720579.0,7722049.0,7724154.0,TARGET,newer_NNS2_reverse,NNS,14,5,2105.0,8.0,0.0
15,control,311.0,pizza,11.0,7901777.0,7902757.0,7904603.0,TARGET,newer_NNS2_reverse,NNS,12,3,1846.0,8.0,1.0
15,control,310.0,chair,10.0,7851742.0,7853572.0,7855385.0,TARGET,newer_NNS2_reverse,NNS,11,3,1813.0,8.0,1.0
15,exp,308.0,cat,8.0,7789756.0,7791036.0,7792646.0,COMPETITOR,newer_NNS2_reverse,NNS,15,5,1610.0,8.5,0.0
15,exp,305.0,key,5.0,7702434.0,7703764.0,7705969.0,TARGET,newer_NNS2_reverse,NNS,1,16,2205.0,8.5,0.0
15,exp,307.0,icecream,7.0,7750304.0,7752334.0,7756508.0,COMPETITOR,newer_NNS2_reverse,NNS,4,10,4174.0,8.5,0.0
15,exp,312.0,grapes,12.0,7916895.0,7917915.0,7922028.0,COMPETITOR,newer_NNS2_reverse,NNS,6,16,4113.0,8.5,1.0
15,exp,309.0,chicken,9.0,7832840.0,7834e3,7838584.0,TARGET,newer_NNS2_reverse,NNS,11,5,4584.0,8.5,1.0
15,exp,314.0,lamp,14.0,8002526.0,8003706.0,8009952.0,TARGET,newer_NNS2_reverse,NNS,1,3,6246.0,8.5,1.0
15,exp,302.0,woodenbowl,2.0,7555064.0,7556224.0,7558786.0,TARGET,newer_NNS2_reverse,NNS,15,10,2562.0,8.5,0.0
15,exp,316.0,bluecup,16.0,8059171.0,8061341.0,8067043.0,TARGET,newer_NNS2_reverse,NNS,9,3,5702.0,8.5,1.0
16,control,328.0,cat,8.0,1748103.0,1749403.0,1750887.0,TARGET,newer_NS1_reverse,NS,15,5,1484.0,8.5,0.0
16,control,325.0,key,5.0,1667764.0,1668964.0,1670386.0,TARGET,newer_NS1_reverse,NS,1,16,1422.0,8.5,0.0
16,control,327.0,icecream,7.0,1715941.0,1717951.0,1720165.0,TARGET,newer_NS1_reverse,NS,4,10,2214.0,8.5,0.0
16,control,332.0,grapes,12.0,1851548.0,1852398.0,1854259.0,TARGET,newer_NS1_reverse,NS,6,16,1861.0,8.5,1.0
16,control,329.0,chicken,9.0,1783612.0,1784602.0,1786632.0,TARGET,newer_NS1_reverse,NS,11,5,2030.0,8.5,1.0
16,control,334.0,lamp,14.0,1916873.0,1917813.0,1919703.0,TARGET,newer_NS1_reverse,NS,1,3,1890.0,8.5,1.0
16,control,322.0,woodenbowl,2.0,1581364.0,1582354.0,1584494.0,TARGET,newer_NS1_reverse,NS,15,10,2140.0,8.5,0.0
16,control,336.0,bluecup,16.0,1957344.0,1959124.0,1961489.0,TARGET,newer_NS1_reverse,NS,9,3,2365.0,8.5,1.0
16,exp,321.0,dog,1.0,1564592.0,1566072.0,1569357.0,COMPETITOR,newer_NS1_reverse,NS,8,10,3285.0,8.0,0.0
16,exp,335.0,apple,15.0,1927335.0,1929125.0,1931936.0,TARGET,newer_NS1_reverse,NS,14,16,2811.0,8.0,1.0
16,exp,323.0,egg,3.0,1611698.0,1613428.0,1614696.0,TARGET,newer_NS1_reverse,NS,13,16,1268.0,8.0,0.0
16,exp,324.0,swan,4.0,1645720.0,1646810.0,1648602.0,COMPETITOR,newer_NS1_reverse,NS,4,5,1792.0,8.0,0.0
16,exp,333.0,boat,13.0,1899416.0,1900836.0,1902478.0,COMPETITOR,newer_NS1_reverse,NS,4,10,1642.0,8.0,1.0
16,exp,326.0,telephone,6.0,1684092.0,1685452.0,1687667.0,COMPETITOR,newer_NS1_reverse,NS,14,5,2215.0,8.0,0.0
16,exp,331.0,pizza,11.0,1837088.0,1838078.0,1839699.0,COMPETITOR,newer_NS1_reverse,NS,12,3,1621.0,8.0,1.0
16,exp,330.0,chair,10.0,1797207.0,1798777.0,1800537.0,COMPETITOR,newer_NS1_reverse,NS,11,3,1760.0,8.0,1.0
17,control,341.0,dog,1.0,1916285.0,1917765.0,1919946.0,TARGET,newer_NS2_reverse,NS,8,10,2181.0,8.0,0.0
17,control,355.0,apple,15.0,2327148.0,2328938.0,2331423.0,TARGET,newer_NS2_reverse,NS,14,16,2485.0,8.0,1.0
17,control,343.0,egg,3.0,1962628.0,1964358.0,1965845.0,TARGET,newer_NS2_reverse,NS,13,16,1487.0,8.0,0.0
17,control,344.0,swan,4.0,2001307.0,2002397.0,2004294.0,TARGET,newer_NS2_reverse,NS,4,5,1897.0,8.0,0.0
17,control,353.0,boat,13.0,2277005.0,2278425.0,2280509.0,TARGET,newer_NS2_reverse,NS,4,10,2084.0,8.0,1.0
17,control,346.0,telephone,6.0,2041347.0,2042707.0,2045769.0,TARGET,newer_NS2_reverse,NS,14,5,3062.0,8.0,0.0
17,control,351.0,pizza,11.0,2211474.0,2212464.0,2214369.0,TARGET,newer_NS2_reverse,NS,12,3,1905.0,8.0,1.0
17,control,350.0,chair,10.0,2168698.0,2170268.0,2171927.0,TARGET,newer_NS2_reverse,NS,11,3,1659.0,8.0,1.0
17,exp,348.0,cat,8.0,2112030.0,2113330.0,2115772.0,TARGET,newer_NS2_reverse,NS,15,5,2442.0,8.5,0.0
17,exp,345.0,key,5.0,2022077.0,2023277.0,2025839.0,TARGET,newer_NS2_reverse,NS,1,16,2562.0,8.5,0.0
17,exp,347.0,icecream,7.0,2075961.0,2077971.0,2080403.0,COMPETITOR,newer_NS2_reverse,NS,4,10,2432.0,8.5,0.0
17,exp,352.0,grapes,12.0,2226655.0,2227505.0,2229482.0,TARGET,newer_NS2_reverse,NS,6,16,1977.0,8.5,1.0
17,exp,349.0,chicken,9.0,2152637.0,2153627.0,2156590.0,TARGET,newer_NS2_reverse,NS,11,5,2963.0,8.5,1.0
17,exp,354.0,lamp,14.0,2306186.0,2307126.0,2309542.0,TARGET,newer_NS2_reverse,NS,1,3,2416.0,8.5,1.0
17,exp,342.0,woodenbowl,2.0,1931734.0,1932724.0,1936315.0,TARGET,newer_NS2_reverse,NS,15,10,3591.0,8.5,0.0
17,exp,356.0,bluecup,16.0,2358797.0,2360577.0,2363641.0,TARGET,newer_NS2_reverse,NS,9,3,3064.0,8.5,1.0
19,control,384.0,boat,4.0,5102767.0,5104567.0,5107101.0,TARGET,newer_NNS2,NNS,4,10,2534.0,9.5,0.0
19,control,386.0,pizza,6.0,5174647.0,5175627.0,5177609.0,TARGET,newer_NNS2,NNS,12,3,1982.0,9.5,0.0
19,control,391.0,telephone,11.0,5345351.0,5346821.0,5349210.0,TARGET,newer_NNS2,NNS,14,5,2389.0,9.5,1.0
19,control,388.0,chair,8.0,5254461.0,5256291.0,5258109.0,TARGET,newer_NNS2,NNS,11,3,1818.0,9.5,0.0
19,control,393.0,swan,13.0,5396570.0,5397790.0,5399349.0,TARGET,newer_NNS2,NNS,4,5,1559.0,9.5,1.0
19,control,394.0,egg,14.0,5453529.0,5455699.0,5457727.0,TARGET,newer_NNS2,NNS,13,16,2028.0,9.5,1.0
19,control,382.0,apple,2.0,5048611.0,5050331.0,5052811.0,TARGET,newer_NNS2,NNS,14,16,2480.0,9.5,0.0
19,control,396.0,dog,16.0,5499710.0,5501290.0,5503402.0,TARGET,newer_NNS2,NNS,8,10,2112.0,9.5,1.0
19,exp,381.0,bluecup,1.0,5031022.0,5033192.0,5035938.0,COMPETITOR,newer_NNS2,NNS,9,3,2746.0,8.0,0.0
19,exp,395.0,woodenbowl,15.0,5465064.0,5466224.0,5471688.0,COMPETITOR,newer_NNS2,NNS,15,10,5464.0,8.0,1.0
19,exp,383.0,lamp,3.0,5079957.0,5081137.0,5084565.0,TARGET,newer_NNS2,NNS,1,3,3428.0,8.0,0.0
19,exp,392.0,key,12.0,5372772.0,5374102.0,5375763.0,COMPETITOR,newer_NNS2,NNS,1,16,1661.0,8.0,1.0
19,exp,385.0,grapes,5.0,5147105.0,5148125.0,5149912.0,COMPETITOR,newer_NNS2,NNS,6,16,1787.0,8.0,0.0
19,exp,390.0,icecream,10.0,5331223.0,5333253.0,5337297.0,COMPETITOR,newer_NNS2,NNS,4,10,4044.0,8.0,1.0
19,exp,387.0,cat,7.0,5238133.0,5239413.0,5241340.0,COMPETITOR,newer_NNS2,NNS,15,5,1927.0,8.0,0.0
19,exp,389.0,chicken,9.0,5281007.0,5282167.0,5284711.0,TARGET,newer_NNS2,NNS,11,5,2544.0,8.0,1.0
1,control,21.0,bluecup,1.0,20219394.0,20221564.0,20225377.0,TARGET,newer_NNS1,NNS,9,3,3813.0,8.0,0.0
1,control,35.0,woodenbowl,15.0,20722918.0,20724078.0,20728476.0,TARGET,newer_NNS1,NNS,15,10,4398.0,8.0,1.0
1,control,23.0,lamp,3.0,20276061.0,20277241.0,20280196.0,TARGET,newer_NNS1,NNS,1,3,2955.0,8.0,0.0
1,control,32.0,key,12.0,20614952.0,20616282.0,20618958.0,TARGET,newer_NNS1,NNS,1,16,2676.0,8.0,1.0
1,control,25.0,grapes,5.0,20345505.0,20346525.0,20348927.0,TARGET,newer_NNS1,NNS,6,16,2402.0,8.0,0.0
1,control,30.0,icecream,10.0,20560180.0,20562210.0,20566371.0,TARGET,newer_NNS1,NNS,4,10,4161.0,8.0,1.0
1,control,27.0,cat,7.0,20448238.0,20449518.0,20451853.0,TARGET,newer_NNS1,NNS,15,5,2335.0,8.0,0.0
1,control,29.0,chicken,9.0,20498001.0,20499161.0,20501639.0,TARGET,newer_NNS1,NNS,11,5,2478.0,8.0,1.0
1,exp,24.0,boat,4.0,20300495.0,20302295.0,20306389.0,COMPETITOR,newer_NNS1,NNS,4,10,4094.0,9.5,0.0
1,exp,26.0,pizza,6.0,20379538.0,20380518.0,20383001.0,COMPETITOR,newer_NNS1,NNS,12,3,2483.0,9.5,0.0
1,exp,31.0,telephone,11.0,20584430.0,20585900.0,20588508.0,COMPETITOR,newer_NNS1,NNS,14,5,2608.0,9.5,1.0
1,exp,28.0,chair,8.0,20466016.0,20467846.0,20470542.0,TARGET,newer_NNS1,NNS,11,3,2696.0,9.5,0.0
1,exp,33.0,swan,13.0,20639976.0,20641196.0,20643655.0,COMPETITOR,newer_NNS1,NNS,4,5,2459.0,9.5,1.0
1,exp,34.0,egg,14.0,20706556.0,20708726.0,20713147.0,TARGET,newer_NNS1,NNS,13,16,4421.0,9.5,1.0
1,exp,22.0,apple,2.0,20235316.0,20237036.0,20239770.0,COMPETITOR,newer_NNS1,NNS,14,16,2734.0,9.5,0.0
1,exp,36.0,dog,16.0,20751775.0,20753355.0,20756406.0,TARGET,newer_NNS1,NNS,8,10,3051.0,9.5,1.0
20,control,401.0,bluecup,1.0,2158419.0,2160199.0,2165102.0,TARGET,newer_NS1,NS,9,3,4903.0,8.0,0.0
20,control,415.0,woodenbowl,15.0,2553358.0,2554348.0,2557058.0,TARGET,newer_NS1,NS,15,10,2710.0,8.0,1.0
20,control,403.0,lamp,3.0,2213511.0,2214451.0,2219609.0,TARGET,newer_NS1,NS,1,3,5158.0,8.0,0.0
20,control,412.0,key,12.0,2474013.0,2475213.0,2476886.0,TARGET,newer_NS1,NS,1,16,1673.0,8.0,1.0
20,control,405.0,grapes,5.0,2270614.0,2271464.0,2273292.0,TARGET,newer_NS1,NS,6,16,1828.0,8.0,0.0
20,control,410.0,icecream,10.0,2434208.0,2436218.0,2438412.0,TARGET,newer_NS1,NS,4,10,2194.0,8.0,1.0
20,control,407.0,cat,7.0,2353518.0,2354818.0,2356832.0,TARGET,newer_NS1,NS,15,5,2014.0,8.0,0.0
20,control,409.0,chicken,9.0,2391048.0,2392038.0,2393066.0,TARGET,newer_NS1,NS,11,5,1028.0,8.0,1.0
20,exp,404.0,boat,4.0,2238095.0,2239515.0,2241242.0,COMPETITOR,newer_NS1,NS,4,10,1727.0,9.5,0.0
20,exp,406.0,pizza,6.0,2294943.0,2295933.0,2297765.0,COMPETITOR,newer_NS1,NS,12,3,1832.0,9.5,0.0
20,exp,411.0,telephone,11.0,2448781.0,2450141.0,2452341.0,COMPETITOR,newer_NS1,NS,14,5,2200.0,9.5,1.0
20,exp,408.0,chair,8.0,2367197.0,2368767.0,2371281.0,COMPETITOR,newer_NS1,NS,11,3,2514.0,9.5,0.0
20,exp,413.0,swan,13.0,2492866.0,2493956.0,2496815.0,COMPETITOR,newer_NS1,NS,4,5,2859.0,9.5,1.0
20,exp,414.0,egg,14.0,2542115.0,2543845.0,2545425.0,COMPETITOR,newer_NS1,NS,13,16,1580.0,9.5,1.0
20,exp,402.0,apple,2.0,2175201.0,2176991.0,2183319.0,COMPETITOR,newer_NS1,NS,14,16,6328.0,9.5,0.0
20,exp,416.0,dog,16.0,2580204.0,2581684.0,2583675.0,TARGET,newer_NS1,NS,8,10,1991.0,9.5,1.0
21,control,424.0,boat,4.0,7715785.0,7717205.0,7718976.0,TARGET,newer_NS2,NS,4,10,1771.0,9.5,0.0
21,control,426.0,pizza,6.0,7773550.0,7774540.0,7777387.0,TARGET,newer_NS2,NS,12,3,2847.0,9.5,0.0
21,control,431.0,telephone,11.0,7940185.0,7941545.0,7943572.0,TARGET,newer_NS2,NS,14,5,2027.0,9.5,1.0
21,control,428.0,chair,8.0,7863142.0,7864712.0,7866136.0,TARGET,newer_NS2,NS,11,3,1424.0,9.5,0.0
21,control,433.0,swan,13.0,7986585.0,7987675.0,7989374.0,TARGET,newer_NS2,NS,4,5,1699.0,9.5,1.0
21,control,434.0,egg,14.0,8032466.0,8034196.0,8035424.0,TARGET,newer_NS2,NS,13,16,1228.0,9.5,1.0
21,control,422.0,apple,2.0,7662290.0,7664080.0,7666141.0,TARGET,newer_NS2,NS,14,16,2061.0,9.5,0.0
21,control,436.0,dog,16.0,8071070.0,8072550.0,8074723.0,TARGET,newer_NS2,NS,8,10,2173.0,9.5,1.0
21,exp,421.0,bluecup,1.0,7636996.0,7638776.0,7644300.0,COMPETITOR,newer_NS2,NS,9,3,5524.0,8.0,0.0
21,exp,435.0,woodenbowl,15.0,8042407.0,8043397.0,8044585.0,COMPETITOR,newer_NS2,NS,15,10,1188.0,8.0,1.0
21,exp,423.0,lamp,3.0,7691604.0,7692544.0,7694711.0,TARGET,newer_NS2,NS,1,3,2167.0,8.0,0.0
21,exp,432.0,key,12.0,7966886.0,7968086.0,7970166.0,COMPETITOR,newer_NS2,NS,1,16,2080.0,8.0,1.0
21,exp,425.0,grapes,5.0,7747819.0,7748669.0,7751298.0,COMPETITOR,newer_NS2,NS,6,16,2629.0,8.0,0.0
21,exp,430.0,icecream,10.0,7928309.0,7930319.0,7931059.0,COMPETITOR,newer_NS2,NS,4,10,740.0,8.0,1.0
21,exp,427.0,cat,7.0,7832508.0,7833808.0,7851224.0,COMPETITOR,newer_NS2,NS,15,5,17416.0,8.0,0.0
21,exp,429.0,chicken,9.0,7884393.0,7885383.0,7886395.0,TARGET,newer_NS2,NS,11,5,1012.0,8.0,1.0
22,control,448.0,cat,8.0,2907179.0,2908459.0,2911203.0,TARGET,newer_NNS1_reverse,NNS,15,5,2744.0,8.5,0.0
22,control,445.0,key,5.0,2754295.0,2755625.0,2757683.0,TARGET,newer_NNS1_reverse,NNS,1,16,2058.0,8.5,0.0
22,control,447.0,icecream,7.0,2863348.0,2865378.0,2869993.0,TARGET,newer_NNS1_reverse,NNS,4,10,4615.0,8.5,0.0
22,control,452.0,grapes,12.0,3078873.0,3079893.0,3081996.0,TARGET,newer_NNS1_reverse,NNS,6,16,2103.0,8.5,1.0
22,control,449.0,chicken,9.0,2986897.0,2988057.0,2990408.0,TARGET,newer_NNS1_reverse,NNS,11,5,2351.0,8.5,1.0
22,control,454.0,lamp,14.0,3170310.0,3171490.0,3174833.0,TARGET,newer_NNS1_reverse,NNS,1,3,3343.0,8.5,1.0
22,control,442.0,woodenbowl,2.0,2640937.0,2642097.0,2646662.0,TARGET,newer_NNS1_reverse,NNS,15,10,4565.0,8.5,0.0
22,control,456.0,bluecup,16.0,3218481.0,3220651.0,3229084.0,TARGET,newer_NNS1_reverse,NNS,9,3,8433.0,8.5,1.0
22,exp,441.0,dog,1.0,2584533.0,2586113.0,2592915.0,COMPETITOR,newer_NNS1_reverse,NNS,8,10,6802.0,8.0,0.0
22,exp,455.0,apple,15.0,3183379.0,3185099.0,3186785.0,TARGET,newer_NNS1_reverse,NNS,14,16,1686.0,8.0,1.0
22,exp,443.0,egg,3.0,2674869.0,2677039.0,2680744.0,COMPETITOR,newer_NNS1_reverse,NNS,13,16,3705.0,8.0,0.0
22,exp,444.0,swan,4.0,2719347.0,2720437.0,2725041.0,TARGET,newer_NNS1_reverse,NNS,4,5,4604.0,8.0,0.0
22,exp,453.0,boat,13.0,3142617.0,3144417.0,3147575.0,TARGET,newer_NNS1_reverse,NNS,4,10,3158.0,8.0,1.0
22,exp,446.0,telephone,6.0,2816156.0,2817626.0,2820047.0,TARGET,newer_NNS1_reverse,NNS,14,5,2421.0,8.0,0.0
22,exp,451.0,pizza,11.0,3059326.0,3060306.0,3063259.0,TARGET,newer_NNS1_reverse,NNS,12,3,2953.0,8.0,1.0
22,exp,450.0,chair,10.0,3003137.0,3004967.0,3007696.0,TARGET,newer_NNS1_reverse,NNS,11,3,2729.0,8.0,1.0
25,control,508.0,cat,8.0,8641416.0,8642716.0,8645573.0,TARGET,newer_NS1_reverse,NS,15,5,2857.0,8.5,0.0
25,control,505.0,key,5.0,8562495.0,8563695.0,8565457.0,TARGET,newer_NS1_reverse,NS,1,16,1762.0,8.5,0.0
25,control,507.0,icecream,7.0,8607703.0,8609713.0,8611955.0,TARGET,newer_NS1_reverse,NS,4,10,2242.0,8.5,0.0
25,control,512.0,grapes,12.0,8751994.0,8752844.0,8755090.0,TARGET,newer_NS1_reverse,NS,6,16,2246.0,8.5,1.0
25,control,509.0,chicken,9.0,8679337.0,8680327.0,8681383.0,TARGET,newer_NS1_reverse,NS,11,5,1056.0,8.5,1.0
25,control,514.0,lamp,14.0,8822270.0,8823210.0,8825142.0,TARGET,newer_NS1_reverse,NS,1,3,1932.0,8.5,1.0
25,control,502.0,woodenbowl,2.0,8472744.0,8473734.0,8475492.0,TARGET,newer_NS1_reverse,NS,15,10,1758.0,8.5,0.0
25,control,516.0,bluecup,16.0,8862475.0,8864255.0,8866608.0,TARGET,newer_NS1_reverse,NS,9,3,2353.0,8.5,1.0
25,exp,501.0,dog,1.0,8457722.0,8459202.0,8461116.0,COMPETITOR,newer_NS1_reverse,NS,8,10,1914.0,8.0,0.0
25,exp,515.0,apple,15.0,8833337.0,8835127.0,8836854.0,TARGET,newer_NS1_reverse,NS,14,16,1727.0,8.0,1.0
25,exp,503.0,egg,3.0,8501693.0,8503423.0,8504653.0,COMPETITOR,newer_NS1_reverse,NS,13,16,1230.0,8.0,0.0
25,exp,504.0,swan,4.0,8538469.0,8539559.0,8542240.0,TARGET,newer_NS1_reverse,NS,4,5,2681.0,8.0,0.0
25,exp,513.0,boat,13.0,8801969.0,8803389.0,8805053.0,TARGET,newer_NS1_reverse,NS,4,10,1664.0,8.0,1.0
25,exp,506.0,telephone,6.0,8578110.0,8579470.0,8581538.0,TARGET,newer_NS1_reverse,NS,14,5,2068.0,8.0,0.0
25,exp,511.0,pizza,11.0,8736812.0,8737802.0,8740346.0,TARGET,newer_NS1_reverse,NS,12,3,2544.0,8.0,1.0
25,exp,510.0,chair,10.0,8694543.0,8696113.0,8698568.0,TARGET,newer_NS1_reverse,NS,11,3,2455.0,8.0,1.0
28,control,564.0,boat,4.0,5827952.0,5829752.0,5833623.0,TARGET,newer_NNS2,NNS,4,10,3871.0,9.5,0.0
28,control,566.0,pizza,6.0,5887839.0,5888819.0,5890777.0,TARGET,newer_NNS2,NNS,12,3,1958.0,9.5,0.0
28,control,571.0,telephone,11.0,6045481.0,6046951.0,6048921.0,TARGET,newer_NNS2,NNS,14,5,1970.0,9.5,1.0
28,control,568.0,chair,8.0,5963324.0,5965154.0,5967141.0,TARGET,newer_NNS2,NNS,11,3,1987.0,9.5,0.0
28,control,573.0,swan,13.0,6094667.0,6095887.0,6097411.0,TARGET,newer_NNS2,NNS,4,5,1524.0,9.5,1.0
28,control,574.0,egg,14.0,6139260.0,6141430.0,6142990.0,TARGET,newer_NNS2,NNS,13,16,1560.0,9.5,1.0
28,control,562.0,apple,2.0,5776965.0,5778685.0,5780916.0,TARGET,newer_NNS2,NNS,14,16,2231.0,9.5,0.0
28,control,576.0,dog,16.0,6172901.0,6174481.0,6176639.0,TARGET,newer_NNS2,NNS,8,10,2158.0,9.5,1.0
28,exp,561.0,bluecup,1.0,5761996.0,5764166.0,5767747.0,TARGET,newer_NNS2,NNS,9,3,3581.0,8.0,0.0
28,exp,575.0,woodenbowl,15.0,6150935.0,6152095.0,6154518.0,COMPETITOR,newer_NNS2,NNS,15,10,2423.0,8.0,1.0
28,exp,563.0,lamp,3.0,5807962.0,5809142.0,5811845.0,TARGET,newer_NNS2,NNS,1,3,2703.0,8.0,0.0
28,exp,572.0,key,12.0,6071831.0,6073161.0,6076298.0,TARGET,newer_NNS2,NNS,1,16,3137.0,8.0,1.0
28,exp,565.0,grapes,5.0,5864543.0,5865563.0,5867728.0,TARGET,newer_NNS2,NNS,6,16,2165.0,8.0,0.0
28,exp,570.0,icecream,10.0,6030432.0,6032462.0,6034904.0,COMPETITOR,newer_NNS2,NNS,4,10,2442.0,8.0,1.0
28,exp,567.0,cat,7.0,5948671.0,5949951.0,5951164.0,TARGET,newer_NNS2,NNS,15,5,1213.0,8.0,0.0
28,exp,569.0,chicken,9.0,5987573.0,5988733.0,5990670.0,TARGET,newer_NNS2,NNS,11,5,1937.0,8.0,1.0
29,control,581.0,bluecup,1.0,854405.0,856185.0,859978.0,TARGET,newer_NS1,NS,9,3,3793.0,8.0,0.0
29,control,595.0,woodenbowl,15.0,1258791.0,1259781.0,1262118.0,TARGET,newer_NS1,NS,15,10,2337.0,8.0,1.0
29,control,583.0,lamp,3.0,901634.0,902574.0,905132.0,TARGET,newer_NS1,NS,1,3,2558.0,8.0,0.0
29,control,592.0,key,12.0,1176261.0,1177461.0,1179250.0,TARGET,newer_NS1,NS,1,16,1789.0,8.0,1.0
29,control,585.0,grapes,5.0,954722.0,955572.0,957263.0,TARGET,newer_NS1,NS,6,16,1691.0,8.0,0.0
29,control,590.0,icecream,10.0,1133702.0,1135712.0,1137864.0,TARGET,newer_NS1,NS,4,10,2152.0,8.0,1.0
29,control,587.0,cat,7.0,1049694.0,1050994.0,1052316.0,TARGET,newer_NS1,NS,15,5,1322.0,8.0,0.0
29,control,589.0,chicken,9.0,1090500.0,1091490.0,1094182.0,TARGET,newer_NS1,NS,11,5,2692.0,8.0,1.0
29,exp,584.0,boat,4.0,924120.0,925540.0,927213.0,TARGET,newer_NS1,NS,4,10,1673.0,9.5,0.0
29,exp,586.0,pizza,6.0,979608.0,980598.0,986705.0,TARGET,newer_NS1,NS,12,3,6107.0,9.5,0.0
29,exp,591.0,telephone,11.0,1146019.0,1147379.0,1149793.0,COMPETITOR,newer_NS1,NS,14,5,2414.0,9.5,1.0
29,exp,588.0,chair,8.0,1067703.0,1069273.0,1070901.0,COMPETITOR,newer_NS1,NS,11,3,1628.0,9.5,0.0
29,exp,593.0,swan,13.0,1196483.0,1197573.0,1198795.0,COMPETITOR,newer_NS1,NS,4,5,1222.0,9.5,1.0
29,exp,594.0,egg,14.0,1243815.0,1245545.0,1246558.0,COMPETITOR,newer_NS1,NS,13,16,1013.0,9.5,1.0
29,exp,582.0,apple,2.0,868898.0,870688.0,872683.0,TARGET,newer_NS1,NS,14,16,1995.0,9.5,0.0
29,exp,596.0,dog,16.0,1283953.0,1285433.0,1288056.0,TARGET,newer_NS1,NS,8,10,2623.0,9.5,1.0
2,control,44.0,boat,4.0,23219391.0,23221191.0,23223990.0,TARGET,newer_NNS2,NNS,4,10,2799.0,9.5,0.0
2,control,46.0,pizza,6.0,23280914.0,23281894.0,23284497.0,TARGET,newer_NNS2,NNS,12,3,2603.0,9.5,0.0
2,control,51.0,telephone,11.0,23461900.0,23463370.0,23466764.0,TARGET,newer_NNS2,NNS,14,5,3394.0,9.5,1.0
2,control,48.0,chair,8.0,23360935.0,23362765.0,23364742.0,TARGET,newer_NNS2,NNS,11,3,1977.0,9.5,0.0
2,control,53.0,swan,13.0,23512760.0,23513980.0,23516246.0,TARGET,newer_NNS2,NNS,4,5,2266.0,9.5,1.0
2,control,54.0,egg,14.0,23564618.0,23566788.0,23568473.0,TARGET,newer_NNS2,NNS,13,16,1685.0,9.5,1.0
2,control,42.0,apple,2.0,23164348.0,23166068.0,23168562.0,TARGET,newer_NNS2,NNS,14,16,2494.0,9.5,0.0
2,control,56.0,dog,16.0,23607614.0,23609194.0,23612660.0,TARGET,newer_NNS2,NNS,8,10,3466.0,9.5,1.0
2,exp,41.0,bluecup,1.0,23148875.0,23151045.0,23155114.0,COMPETITOR,newer_NNS2,NNS,9,3,4069.0,8.0,0.0
2,exp,55.0,woodenbowl,15.0,23576579.0,23577739.0,23581050.0,TARGET,newer_NNS2,NNS,15,10,3311.0,8.0,1.0
2,exp,43.0,lamp,3.0,23194893.0,23196073.0,23201236.0,TARGET,newer_NNS2,NNS,1,3,5163.0,8.0,0.0
2,exp,52.0,key,12.0,23491542.0,23492872.0,23494925.0,TARGET,newer_NNS2,NNS,1,16,2053.0,8.0,1.0
2,exp,45.0,grapes,5.0,23254088.0,23255108.0,23258256.0,TARGET,newer_NNS2,NNS,6,16,3148.0,8.0,0.0
2,exp,50.0,icecream,10.0,23448420.0,23450450.0,23453931.0,COMPETITOR,newer_NNS2,NNS,4,10,3481.0,8.0,1.0
2,exp,47.0,cat,7.0,23345414.0,23346694.0,23348812.0,TARGET,newer_NNS2,NNS,15,5,2118.0,8.0,0.0
2,exp,49.0,chicken,9.0,23388936.0,23390096.0,23392159.0,COMPETITOR,newer_NNS2,NNS,11,5,2063.0,8.0,1.0
30,control,604.0,boat,4.0,2852267.0,2853687.0,2857462.0,TARGET,newer_NS2,NS,4,10,3775.0,9.5,0.0
30,control,606.0,pizza,6.0,2917332.0,2918322.0,2920138.0,TARGET,newer_NS2,NS,12,3,1816.0,9.5,0.0
30,control,611.0,telephone,11.0,3072007.0,3073367.0,3075913.0,TARGET,newer_NS2,NS,14,5,2546.0,9.5,1.0
30,control,608.0,chair,8.0,2991489.0,2993059.0,2994413.0,TARGET,newer_NS2,NS,11,3,1354.0,9.5,0.0
30,control,613.0,swan,13.0,3126252.0,3127342.0,3130372.0,TARGET,newer_NS2,NS,4,5,3030.0,9.5,1.0
30,control,614.0,egg,14.0,3176057.0,3177787.0,3179454.0,TARGET,newer_NS2,NS,13,16,1667.0,9.5,1.0
30,control,602.0,apple,2.0,2790603.0,2792393.0,2794939.0,TARGET,newer_NS2,NS,14,16,2546.0,9.5,0.0
30,control,616.0,dog,16.0,3211832.0,3213312.0,3215680.0,TARGET,newer_NS2,NS,8,10,2368.0,9.5,1.0
30,exp,601.0,bluecup,1.0,2772508.0,2774288.0,2779371.0,COMPETITOR,newer_NS2,NS,9,3,5083.0,8.0,0.0
30,exp,615.0,woodenbowl,15.0,3186968.0,3187958.0,3190263.0,TARGET,newer_NS2,NS,15,10,2305.0,8.0,1.0
30,exp,603.0,lamp,3.0,2825764.0,2826704.0,2830941.0,TARGET,newer_NS2,NS,1,3,4237.0,8.0,0.0
30,exp,612.0,key,12.0,3098973.0,3100173.0,3102626.0,TARGET,newer_NS2,NS,1,16,2453.0,8.0,1.0
30,exp,605.0,grapes,5.0,2885355.0,2886205.0,2889872.0,TARGET,newer_NS2,NS,6,16,3667.0,8.0,0.0
30,exp,610.0,icecream,10.0,3059234.0,3061244.0,3063665.0,COMPETITOR,newer_NS2,NS,4,10,2421.0,8.0,1.0
30,exp,607.0,cat,7.0,2975344.0,2976644.0,2978884.0,TARGET,newer_NS2,NS,15,5,2240.0,8.0,0.0
30,exp,609.0,chicken,9.0,3013635.0,3014625.0,3017846.0,TARGET,newer_NS2,NS,11,5,3221.0,8.0,1.0
32,control,645.0,key,5.0,3476589.0,3477789.0,3479879.0,TARGET,newer_NS1_reverse,NS,1,16,2090.0,6.0,0.0
32,control,642.0,woodenbowl,2.0,3366399.0,3367389.0,3369513.0,TARGET,newer_NS1_reverse,NS,15,10,2124.0,6.0,0.0
32,control,647.0,icecream,7.0,3524124.0,3526134.0,3528497.0,TARGET,newer_NS1_reverse,NS,4,10,2363.0,6.0,1.0
32,control,648.0,cat,8.0,3558260.0,3559560.0,3561979.0,TARGET,newer_NS1_reverse,NS,15,5,2419.0,6.0,1.0
32,exp,641.0,dog,1.0,3347263.0,3348743.0,3351352.0,COMPETITOR,newer_NS1_reverse,NS,8,10,2609.0,3.5,0.0
32,exp,646.0,telephone,6.0,3493204.0,3494564.0,3497111.0,TARGET,newer_NS1_reverse,NS,14,5,2547.0,3.5,1.0
32,exp,643.0,egg,3.0,3400423.0,3402153.0,3403404.0,COMPETITOR,newer_NS1_reverse,NS,13,16,1251.0,3.5,0.0
32,exp,644.0,swan,4.0,3444622.0,3445712.0,3447805.0,TARGET,newer_NS1_reverse,NS,4,5,2093.0,3.5,1.0
33,control,661.0,dog,1.0,1955295.0,1956775.0,1959008.0,TARGET,newer_NS2_reverse,NS,8,10,2233.0,8.0,0.0
33,control,675.0,apple,15.0,2327715.0,2329505.0,2333427.0,TARGET,newer_NS2_reverse,NS,14,16,3922.0,8.0,1.0
33,control,663.0,egg,3.0,2001048.0,2002778.0,2004650.0,TARGET,newer_NS2_reverse,NS,13,16,1872.0,8.0,0.0
33,control,664.0,swan,4.0,2037732.0,2038822.0,2040307.0,TARGET,newer_NS2_reverse,NS,4,5,1485.0,8.0,0.0
33,control,673.0,boat,13.0,2295655.0,2297075.0,2298585.0,TARGET,newer_NS2_reverse,NS,4,10,1510.0,8.0,1.0
33,control,666.0,telephone,6.0,2071913.0,2073273.0,2075301.0,TARGET,newer_NS2_reverse,NS,14,5,2028.0,8.0,0.0
33,control,671.0,pizza,11.0,2233224.0,2234214.0,2235701.0,TARGET,newer_NS2_reverse,NS,12,3,1487.0,8.0,1.0
33,control,670.0,chair,10.0,2192339.0,2193909.0,2195075.0,TARGET,newer_NS2_reverse,NS,11,3,1166.0,8.0,1.0
33,exp,668.0,cat,8.0,2136840.0,2138140.0,2140601.0,TARGET,newer_NS2_reverse,NS,15,5,2461.0,8.5,0.0
33,exp,665.0,key,5.0,2055630.0,2056830.0,2058301.0,COMPETITOR,newer_NS2_reverse,NS,1,16,1471.0,8.5,0.0
33,exp,667.0,icecream,7.0,2103616.0,2105626.0,2108007.0,TARGET,newer_NS2_reverse,NS,4,10,2381.0,8.5,0.0
33,exp,672.0,grapes,12.0,2247783.0,2248633.0,2250382.0,TARGET,newer_NS2_reverse,NS,6,16,1749.0,8.5,1.0
33,exp,669.0,chicken,9.0,2177847.0,2178837.0,2180051.0,TARGET,newer_NS2_reverse,NS,11,5,1214.0,8.5,1.0
33,exp,674.0,lamp,14.0,2316042.0,2316982.0,2319282.0,COMPETITOR,newer_NS2_reverse,NS,1,3,2300.0,8.5,1.0
33,exp,662.0,woodenbowl,2.0,1969856.0,1970846.0,1975112.0,TARGET,newer_NS2_reverse,NS,15,10,4266.0,8.5,0.0
33,exp,676.0,bluecup,16.0,2361231.0,2363011.0,2365172.0,TARGET,newer_NS2_reverse,NS,9,3,2161.0,8.5,1.0
34,control,681.0,dog,1.0,5906062.0,5907642.0,5909686.0,TARGET,newer_NNS2_reverse,NNS,8,10,2044.0,8.0,0.0
34,control,695.0,apple,15.0,6328435.0,6330155.0,6332627.0,TARGET,newer_NNS2_reverse,NNS,14,16,2472.0,8.0,1.0
34,control,683.0,egg,3.0,5960037.0,5962207.0,5964104.0,TARGET,newer_NNS2_reverse,NNS,13,16,1897.0,8.0,0.0
34,control,684.0,swan,4.0,5999885.0,6000975.0,6003251.0,TARGET,newer_NNS2_reverse,NNS,4,5,2276.0,8.0,0.0
34,control,693.0,boat,13.0,6289812.0,6291612.0,6293985.0,TARGET,newer_NNS2_reverse,NNS,4,10,2373.0,8.0,1.0
34,control,686.0,telephone,6.0,6037901.0,6039371.0,6041124.0,TARGET,newer_NNS2_reverse,NNS,14,5,1753.0,8.0,0.0
34,control,691.0,pizza,11.0,6215234.0,6216214.0,6217949.0,TARGET,newer_NNS2_reverse,NNS,12,3,1735.0,8.0,1.0
34,control,690.0,chair,10.0,6167712.0,6169542.0,6171491.0,TARGET,newer_NNS2_reverse,NNS,11,3,1949.0,8.0,1.0
34,exp,688.0,cat,8.0,6108231.0,6109511.0,6110992.0,TARGET,newer_NNS2_reverse,NNS,15,5,1481.0,8.0,1.0
34,exp,685.0,key,5.0,6021581.0,6022911.0,6024812.0,COMPETITOR,newer_NNS2_reverse,NNS,1,16,1901.0,8.0,0.0
34,exp,687.0,icecream,7.0,6069127.0,6071157.0,6073710.0,COMPETITOR,newer_NNS2_reverse,NNS,4,10,2553.0,8.0,0.0
34,exp,692.0,grapes,12.0,6234458.0,6235478.0,6237462.0,COMPETITOR,newer_NNS2_reverse,NNS,6,16,1984.0,8.0,1.0
34,exp,689.0,chicken,9.0,6151680.0,6152840.0,6155130.0,TARGET,newer_NNS2_reverse,NNS,11,5,2290.0,8.0,1.0
34,exp,694.0,lamp,14.0,6312176.0,6313356.0,6317330.0,TARGET,newer_NNS2_reverse,NNS,1,3,3974.0,8.0,1.0
34,exp,682.0,woodenbowl,2.0,5922315.0,5923475.0,5928943.0,COMPETITOR,newer_NNS2_reverse,NNS,15,10,5468.0,8.0,0.0
35,control,701.0,bluecup,1.0,9895898.0,9898068.0,9902159.0,TARGET,newer_NNS1,NNS,9,3,4091.0,8.0,0.0
35,control,715.0,woodenbowl,15.0,10355807.0,10356967.0,10361750.0,TARGET,newer_NNS1,NNS,15,10,4783.0,8.0,1.0
35,control,703.0,lamp,3.0,9946070.0,9947250.0,9949273.0,TARGET,newer_NNS1,NNS,1,3,2023.0,8.0,0.0
35,control,712.0,key,12.0,10254030.0,10255360.0,10257328.0,TARGET,newer_NNS1,NNS,1,16,1968.0,8.0,1.0
35,control,705.0,grapes,5.0,10010974.0,10011994.0,10016172.0,TARGET,newer_NNS1,NNS,6,16,4178.0,8.0,0.0
35,control,710.0,icecream,10.0,10204098.0,10206128.0,10208214.0,TARGET,newer_NNS1,NNS,4,10,2086.0,8.0,1.0
35,control,707.0,cat,7.0,10113111.0,10114391.0,10117537.0,TARGET,newer_NNS1,NNS,15,5,3146.0,8.0,0.0
35,control,709.0,chicken,9.0,10156510.0,10157670.0,10159787.0,TARGET,newer_NNS1,NNS,11,5,2117.0,8.0,1.0
35,exp,704.0,boat,4.0,9972566.0,9974366.0,9976538.0,COMPETITOR,newer_NNS1,NNS,4,10,2172.0,9.5,0.0
35,exp,706.0,pizza,6.0,10037748.0,10038728.0,10043285.0,TARGET,newer_NNS1,NNS,12,3,4557.0,9.5,0.0
35,exp,711.0,telephone,11.0,10219441.0,10220911.0,10224735.0,TARGET,newer_NNS1,NNS,14,5,3824.0,9.5,1.0
35,exp,708.0,chair,8.0,10130617.0,10132447.0,10134274.0,TARGET,newer_NNS1,NNS,11,3,1827.0,9.5,0.0
35,exp,713.0,swan,13.0,10280380.0,10281600.0,10285010.0,TARGET,newer_NNS1,NNS,4,5,3410.0,9.5,1.0
35,exp,714.0,egg,14.0,10342647.0,10344817.0,10345837.0,COMPETITOR,newer_NNS1,NNS,13,16,1020.0,9.5,1.0
35,exp,702.0,apple,2.0,9913806.0,9915526.0,9917871.0,TARGET,newer_NNS1,NNS,14,16,2345.0,9.5,0.0
35,exp,716.0,dog,16.0,10384915.0,10386495.0,10388775.0,TARGET,newer_NNS1,NNS,8,10,2280.0,9.5,1.0
39,control,788.0,cat,8.0,3444742.0,3446022.0,3448064.0,TARGET,newer_NNS1_reverse,NNS,15,5,2042.0,8.0,1.0
39,control,785.0,key,5.0,3361228.0,3362558.0,3364316.0,TARGET,newer_NNS1_reverse,NNS,1,16,1758.0,8.0,0.0
39,control,787.0,icecream,7.0,3407381.0,3409411.0,3411286.0,TARGET,newer_NNS1_reverse,NNS,4,10,1875.0,8.0,0.0
39,control,792.0,grapes,12.0,3575864.0,3576884.0,3578767.0,TARGET,newer_NNS1_reverse,NNS,6,16,1883.0,8.0,1.0
39,control,789.0,chicken,9.0,3493873.0,3495033.0,3496939.0,TARGET,newer_NNS1_reverse,NNS,11,5,1906.0,8.0,1.0
39,control,794.0,lamp,14.0,3647942.0,3649122.0,3650954.0,TARGET,newer_NNS1_reverse,NNS,1,3,1832.0,8.0,1.0
39,control,782.0,woodenbowl,2.0,3273557.0,3274717.0,3276647.0,TARGET,newer_NNS1_reverse,NNS,15,10,1930.0,8.0,0.0
39,exp,781.0,dog,1.0,3256541.0,3258121.0,3262479.0,COMPETITOR,newer_NNS1_reverse,NNS,8,10,4358.0,8.0,0.0
39,exp,795.0,apple,15.0,3659173.0,3660893.0,3663195.0,TARGET,newer_NNS1_reverse,NNS,14,16,2302.0,8.0,1.0
39,exp,783.0,egg,3.0,3305640.0,3307810.0,3309161.0,TARGET,newer_NNS1_reverse,NNS,13,16,1351.0,8.0,0.0
39,exp,784.0,swan,4.0,3342584.0,3343674.0,3345386.0,TARGET,newer_NNS1_reverse,NNS,4,5,1712.0,8.0,0.0
39,exp,793.0,boat,13.0,3626760.0,3628560.0,3630897.0,TARGET,newer_NNS1_reverse,NNS,4,10,2337.0,8.0,1.0
39,exp,786.0,telephone,6.0,3376743.0,3378213.0,3380220.0,TARGET,newer_NNS1_reverse,NNS,14,5,2007.0,8.0,0.0
39,exp,791.0,pizza,11.0,3554707.0,3555687.0,3558766.0,COMPETITOR,newer_NNS1_reverse,NNS,12,3,3079.0,8.0,1.0
39,exp,790.0,chair,10.0,3509731.0,3511561.0,3514692.0,COMPETITOR,newer_NNS1_reverse,NNS,11,3,3131.0,8.0,1.0
3,control,61.0,bluecup,1.0,835242.0,837022.0,839363.0,TARGET,newer_NS1,NS,9,3,2341.0,8.0,0.0
3,control,75.0,woodenbowl,15.0,1226776.0,1227766.0,1229815.0,TARGET,newer_NS1,NS,15,10,2049.0,8.0,1.0
3,control,63.0,lamp,3.0,879159.0,880099.0,881997.0,TARGET,newer_NS1,NS,1,3,1898.0,8.0,0.0
3,control,72.0,key,12.0,1144323.0,1145523.0,1147835.0,TARGET,newer_NS1,NS,1,16,2312.0,8.0,1.0
3,control,65.0,grapes,5.0,938775.0,939625.0,942168.0,TARGET,newer_NS1,NS,6,16,2543.0,8.0,0.0
3,control,70.0,icecream,10.0,1104277.0,1106287.0,1108865.0,TARGET,newer_NS1,NS,4,10,2578.0,8.0,1.0
3,control,67.0,cat,7.0,1020112.0,1021412.0,1023476.0,TARGET,newer_NS1,NS,15,5,2064.0,8.0,0.0
3,control,69.0,chicken,9.0,1058921.0,1059911.0,1062030.0,TARGET,newer_NS1,NS,11,5,2119.0,8.0,1.0
3,exp,64.0,boat,4.0,903817.0,905237.0,907063.0,TARGET,newer_NS1,NS,4,10,1826.0,9.5,0.0
3,exp,66.0,pizza,6.0,963010.0,964e3,965481.0,COMPETITOR,newer_NS1,NS,12,3,1481.0,9.5,0.0
3,exp,71.0,telephone,11.0,1117031.0,1118391.0,1120626.0,COMPETITOR,newer_NS1,NS,14,5,2235.0,9.5,1.0
3,exp,68.0,chair,8.0,1035559.0,1037129.0,1038693.0,TARGET,newer_NS1,NS,11,3,1564.0,9.5,0.0
3,exp,73.0,swan,13.0,1165803.0,1166893.0,1170388.0,TARGET,newer_NS1,NS,4,5,3495.0,9.5,1.0
3,exp,74.0,egg,14.0,1214749.0,1216479.0,1217935.0,TARGET,newer_NS1,NS,13,16,1456.0,9.5,1.0
3,exp,62.0,apple,2.0,848903.0,850693.0,852740.0,TARGET,newer_NS1,NS,14,16,2047.0,9.5,0.0
3,exp,76.0,dog,16.0,1251643.0,1253123.0,1255296.0,TARGET,newer_NS1,NS,8,10,2173.0,9.5,1.0
40,control,801.0,dog,1.0,1898318.0,1899898.0,1902068.0,TARGET,newer_NNS2_reverse,NNS,8,10,2170.0,8.0,0.0
40,control,815.0,apple,15.0,2346252.0,2347972.0,2350363.0,TARGET,newer_NNS2_reverse,NNS,14,16,2391.0,8.0,1.0
40,control,803.0,egg,3.0,1948552.0,1950722.0,1959319.0,TARGET,newer_NNS2_reverse,NNS,13,16,8597.0,8.0,0.0
40,control,804.0,swan,4.0,1993435.0,1994525.0,1996232.0,TARGET,newer_NNS2_reverse,NNS,4,5,1707.0,8.0,0.0
40,control,813.0,boat,13.0,2294848.0,2296648.0,2299224.0,TARGET,newer_NNS2_reverse,NNS,4,10,2576.0,8.0,1.0
40,control,806.0,telephone,6.0,2037754.0,2039224.0,2041547.0,TARGET,newer_NNS2_reverse,NNS,14,5,2323.0,8.0,0.0
40,control,811.0,pizza,11.0,2229892.0,2230872.0,2232853.0,TARGET,newer_NNS2_reverse,NNS,12,3,1981.0,8.0,1.0
40,control,810.0,chair,10.0,2176945.0,2178775.0,2180290.0,TARGET,newer_NNS2_reverse,NNS,11,3,1515.0,8.0,1.0
40,exp,808.0,cat,8.0,2113582.0,2114862.0,2116031.0,TARGET,newer_NNS2_reverse,NNS,15,5,1169.0,8.0,1.0
40,exp,805.0,key,5.0,2020414.0,2021744.0,2024418.0,TARGET,newer_NNS2_reverse,NNS,1,16,2674.0,8.0,0.0
40,exp,807.0,icecream,7.0,2073866.0,2075896.0,2078597.0,TARGET,newer_NNS2_reverse,NNS,4,10,2701.0,8.0,0.0
40,exp,812.0,grapes,12.0,2245292.0,2246312.0,2248454.0,COMPETITOR,newer_NNS2_reverse,NNS,6,16,2142.0,8.0,1.0
40,exp,809.0,chicken,9.0,2160872.0,2162032.0,2164009.0,TARGET,newer_NNS2_reverse,NNS,11,5,1977.0,8.0,1.0
40,exp,814.0,lamp,14.0,2317544.0,2318724.0,2324897.0,TARGET,newer_NNS2_reverse,NNS,1,3,6173.0,8.0,1.0
40,exp,802.0,woodenbowl,2.0,1914347.0,1915507.0,1919789.0,TARGET,newer_NNS2_reverse,NNS,15,10,4282.0,8.0,0.0
42,control,841.0,dog,1.0,10562498.0,10563978.0,10565247.0,TARGET,newer_NS2_reverse,NS,8,10,1269.0,8.0,0.0
42,control,855.0,apple,15.0,10944791.0,10946581.0,10948293.0,TARGET,newer_NS2_reverse,NS,14,16,1712.0,8.0,1.0
42,control,843.0,egg,3.0,10607099.0,10608829.0,10610162.0,TARGET,newer_NS2_reverse,NS,13,16,1333.0,8.0,0.0
42,control,844.0,swan,4.0,10641134.0,10642224.0,10643812.0,TARGET,newer_NS2_reverse,NS,4,5,1588.0,8.0,0.0
42,control,853.0,boat,13.0,10907146.0,10908566.0,10910931.0,TARGET,newer_NS2_reverse,NS,4,10,2365.0,8.0,1.0
42,control,846.0,telephone,6.0,10676372.0,10677732.0,10679918.0,TARGET,newer_NS2_reverse,NS,14,5,2186.0,8.0,0.0
42,control,851.0,pizza,11.0,10841939.0,10842929.0,10845296.0,TARGET,newer_NS2_reverse,NS,12,3,2367.0,8.0,1.0
42,control,850.0,chair,10.0,10798947.0,10800517.0,10801909.0,TARGET,newer_NS2_reverse,NS,11,3,1392.0,8.0,1.0
42,exp,848.0,cat,8.0,10743315.0,10744615.0,10747218.0,TARGET,newer_NS2_reverse,NS,15,5,2603.0,8.5,0.0
42,exp,845.0,key,5.0,10659740.0,10660940.0,10662701.0,TARGET,newer_NS2_reverse,NS,1,16,1761.0,8.5,0.0
42,exp,847.0,icecream,7.0,10707420.0,10709430.0,10713832.0,TARGET,newer_NS2_reverse,NS,4,10,4402.0,8.5,0.0
42,exp,852.0,grapes,12.0,10857302.0,10858152.0,10860912.0,TARGET,newer_NS2_reverse,NS,6,16,2760.0,8.5,1.0
42,exp,849.0,chicken,9.0,10784577.0,10785567.0,10787444.0,TARGET,newer_NS2_reverse,NS,11,5,1877.0,8.5,1.0
42,exp,854.0,lamp,14.0,10925794.0,10926734.0,10928228.0,TARGET,newer_NS2_reverse,NS,1,3,1494.0,8.5,1.0
42,exp,842.0,woodenbowl,2.0,10576919.0,10577909.0,10581032.0,TARGET,newer_NS2_reverse,NS,15,10,3123.0,8.5,0.0
42,exp,856.0,bluecup,16.0,10971173.0,10972953.0,10975807.0,TARGET,newer_NS2_reverse,NS,9,3,2854.0,8.5,1.0
44,control,888.0,cat,8.0,5221934.0,5223214.0,5225121.0,TARGET,newer_NNS1_reverse,NNS,15,5,1907.0,8.5,0.0
44,control,885.0,key,5.0,5127032.0,5128362.0,5130092.0,TARGET,newer_NNS1_reverse,NNS,1,16,1730.0,8.5,0.0
44,control,887.0,icecream,7.0,5178800.0,5180830.0,5183823.0,TARGET,newer_NNS1_reverse,NNS,4,10,2993.0,8.5,0.0
44,control,892.0,grapes,12.0,5344314.0,5345334.0,5347168.0,TARGET,newer_NNS1_reverse,NNS,6,16,1834.0,8.5,1.0
44,control,889.0,chicken,9.0,5264546.0,5265706.0,5267763.0,TARGET,newer_NNS1_reverse,NNS,11,5,2057.0,8.5,1.0
44,control,894.0,lamp,14.0,5420151.0,5421331.0,5423636.0,TARGET,newer_NNS1_reverse,NNS,1,3,2305.0,8.5,1.0
44,control,882.0,woodenbowl,2.0,5027492.0,5028652.0,5030398.0,TARGET,newer_NNS1_reverse,NNS,15,10,1746.0,8.5,0.0
44,control,896.0,bluecup,16.0,5461305.0,5463475.0,5465911.0,TARGET,newer_NNS1_reverse,NNS,9,3,2436.0,8.5,1.0
44,exp,881.0,dog,1.0,5004745.0,5006325.0,5009677.0,COMPETITOR,newer_NNS1_reverse,NNS,8,10,3352.0,8.0,0.0
44,exp,895.0,apple,15.0,5431966.0,5433686.0,5435837.0,TARGET,newer_NNS1_reverse,NNS,14,16,2151.0,8.0,1.0
44,exp,883.0,egg,3.0,5064169.0,5066339.0,5068120.0,TARGET,newer_NNS1_reverse,NNS,13,16,1781.0,8.0,0.0
44,exp,884.0,swan,4.0,5108255.0,5109345.0,5111299.0,COMPETITOR,newer_NNS1_reverse,NNS,4,5,1954.0,8.0,0.0
44,exp,893.0,boat,13.0,5397831.0,5399631.0,5401963.0,COMPETITOR,newer_NNS1_reverse,NNS,4,10,2332.0,8.0,1.0
44,exp,886.0,telephone,6.0,5147333.0,5148803.0,5150989.0,COMPETITOR,newer_NNS1_reverse,NNS,14,5,2186.0,8.0,0.0
44,exp,891.0,pizza,11.0,5327330.0,5328310.0,5330255.0,TARGET,newer_NNS1_reverse,NNS,12,3,1945.0,8.0,1.0
44,exp,890.0,chair,10.0,5280802.0,5282632.0,5284685.0,TARGET,newer_NNS1_reverse,NNS,11,3,2053.0,8.0,1.0
45,control,904.0,boat,4.0,7326974.0,7328394.0,7331306.0,TARGET,newer_NS2,NS,4,10,2912.0,9.5,0.0
45,control,906.0,pizza,6.0,7388356.0,7389346.0,7391133.0,TARGET,newer_NS2,NS,12,3,1787.0,9.5,0.0
45,control,911.0,telephone,11.0,7541233.0,7542593.0,7544758.0,TARGET,newer_NS2,NS,14,5,2165.0,9.5,1.0
45,control,908.0,chair,8.0,7460606.0,7462176.0,7463690.0,TARGET,newer_NS2,NS,11,3,1514.0,9.5,0.0
45,control,913.0,swan,13.0,7589267.0,7590357.0,7591737.0,TARGET,newer_NS2,NS,4,5,1380.0,9.5,1.0
45,control,914.0,egg,14.0,7636019.0,7637749.0,7638660.0,TARGET,newer_NS2,NS,13,16,911.0,9.5,1.0
45,control,902.0,apple,2.0,7258492.0,7260282.0,7262845.0,TARGET,newer_NS2,NS,14,16,2563.0,9.5,0.0
45,control,916.0,dog,16.0,7673454.0,7674934.0,7676558.0,TARGET,newer_NS2,NS,8,10,1624.0,9.5,1.0
45,exp,901.0,bluecup,1.0,7241525.0,7243305.0,7248085.0,COMPETITOR,newer_NS2,NS,9,3,4780.0,8.0,0.0
45,exp,915.0,woodenbowl,15.0,7646723.0,7647713.0,7650228.0,TARGET,newer_NS2,NS,15,10,2515.0,8.0,1.0
45,exp,903.0,lamp,3.0,7295835.0,7296775.0,7303888.0,COMPETITOR,newer_NS2,NS,1,3,7113.0,8.0,0.0
45,exp,912.0,key,12.0,7569236.0,7570436.0,7572056.0,TARGET,newer_NS2,NS,1,16,1620.0,8.0,1.0
45,exp,905.0,grapes,5.0,7360916.0,7361766.0,7365132.0,TARGET,newer_NS2,NS,6,16,3366.0,8.0,0.0
45,exp,910.0,icecream,10.0,7530135.0,7532145.0,7533765.0,COMPETITOR,newer_NS2,NS,4,10,1620.0,8.0,1.0
45,exp,907.0,cat,7.0,7445822.0,7447122.0,7448561.0,COMPETITOR,newer_NS2,NS,15,5,1439.0,8.0,0.0
45,exp,909.0,chicken,9.0,7484851.0,7485841.0,7489627.0,TARGET,newer_NS2,NS,11,5,3786.0,8.0,1.0
48,control,968.0,cat,8.0,10334511.0,10335791.0,10338445.0,TARGET,newer_NNS1_reverse,NNS,15,5,2654.0,8.5,0.0
48,control,965.0,key,5.0,10160393.0,10161723.0,10164507.0,TARGET,newer_NNS1_reverse,NNS,1,16,2784.0,8.5,0.0
48,control,967.0,icecream,7.0,10260325.0,10262355.0,10265193.0,TARGET,newer_NNS1_reverse,NNS,4,10,2838.0,8.5,0.0
48,control,972.0,grapes,12.0,10473662.0,10474682.0,10476750.0,TARGET,newer_NNS1_reverse,NNS,6,16,2068.0,8.5,1.0
48,control,969.0,chicken,9.0,10381353.0,10382513.0,10385496.0,TARGET,newer_NNS1_reverse,NNS,11,5,2983.0,8.5,1.0
48,control,974.0,lamp,14.0,10565797.0,10566977.0,10569483.0,TARGET,newer_NNS1_reverse,NNS,1,3,2506.0,8.5,1.0
48,control,962.0,woodenbowl,2.0,10059244.0,10060404.0,10062925.0,TARGET,newer_NNS1_reverse,NNS,15,10,2521.0,8.5,0.0
48,control,976.0,bluecup,16.0,10608021.0,10610191.0,10612310.0,TARGET,newer_NNS1_reverse,NNS,9,3,2119.0,8.5,1.0
48,exp,961.0,dog,1.0,10023019.0,10024599.0,10032235.0,COMPETITOR,newer_NNS1_reverse,NNS,8,10,7636.0,8.0,0.0
48,exp,975.0,apple,15.0,10578021.0,10579741.0,10581588.0,TARGET,newer_NNS1_reverse,NNS,14,16,1847.0,8.0,1.0
48,exp,963.0,egg,3.0,10092098.0,10094268.0,10096575.0,COMPETITOR,newer_NNS1_reverse,NNS,13,16,2307.0,8.0,0.0
48,exp,964.0,swan,4.0,10135155.0,10136245.0,10139506.0,TARGET,newer_NNS1_reverse,NNS,4,5,3261.0,8.0,0.0
48,exp,973.0,boat,13.0,10539090.0,10540890.0,10544049.0,TARGET,newer_NNS1_reverse,NNS,4,10,3159.0,8.0,1.0
48,exp,966.0,telephone,6.0,10230284.0,10231754.0,10233799.0,TARGET,newer_NNS1_reverse,NNS,14,5,2045.0,8.0,0.0
48,exp,971.0,pizza,11.0,10452572.0,10453552.0,10459365.0,TARGET,newer_NNS1_reverse,NNS,12,3,5813.0,8.0,1.0
48,exp,970.0,chair,10.0,10398373.0,10400203.0,10402282.0,COMPETITOR,newer_NNS1_reverse,NNS,11,3,2079.0,8.0,1.0
56,control,1121.0,bluecup,1.0,7729706.0,7731876.0,7738358.0,TARGET,newer_NNS1,NNS,9,3,6482.0,8.0,0.0
56,control,1135.0,woodenbowl,15.0,8128996.0,8130156.0,8132394.0,TARGET,newer_NNS1,NNS,15,10,2238.0,8.0,1.0
56,control,1123.0,lamp,3.0,7783338.0,7784518.0,7786745.0,TARGET,newer_NNS1,NNS,1,3,2227.0,8.0,0.0
56,control,1132.0,key,12.0,8046760.0,8048090.0,8049830.0,TARGET,newer_NNS1,NNS,1,16,1740.0,8.0,1.0
56,control,1125.0,grapes,5.0,7840981.0,7842001.0,7844124.0,TARGET,newer_NNS1,NNS,6,16,2123.0,8.0,0.0
56,control,1130.0,icecream,10.0,8008494.0,8010524.0,8013188.0,TARGET,newer_NNS1,NNS,4,10,2664.0,8.0,1.0
56,control,1127.0,cat,7.0,7924409.0,7925689.0,7927720.0,TARGET,newer_NNS1,NNS,15,5,2031.0,8.0,0.0
56,control,1129.0,chicken,9.0,7965899.0,7967059.0,7969330.0,TARGET,newer_NNS1,NNS,11,5,2271.0,8.0,1.0
56,exp,1124.0,boat,4.0,7802644.0,7804444.0,7807562.0,TARGET,newer_NNS1,NNS,4,10,3118.0,9.5,0.0
56,exp,1126.0,pizza,6.0,7863903.0,7864883.0,7867205.0,COMPETITOR,newer_NNS1,NNS,12,3,2322.0,9.5,0.0
56,exp,1131.0,telephone,11.0,8021414.0,8022884.0,8025309.0,COMPETITOR,newer_NNS1,NNS,14,5,2425.0,9.5,1.0
56,exp,1128.0,chair,8.0,7939020.0,7940850.0,7945641.0,COMPETITOR,newer_NNS1,NNS,11,3,4791.0,9.5,0.0
56,exp,1133.0,swan,13.0,8067808.0,8069028.0,8072927.0,TARGET,newer_NNS1,NNS,4,5,3899.0,9.5,1.0
56,exp,1134.0,egg,14.0,8117611.0,8119781.0,8121922.0,TARGET,newer_NNS1,NNS,13,16,2141.0,9.5,1.0
56,exp,1122.0,apple,2.0,7747706.0,7749426.0,7754975.0,TARGET,newer_NNS1,NNS,14,16,5549.0,9.5,0.0
56,exp,1136.0,dog,16.0,8153541.0,8155121.0,8157780.0,TARGET,newer_NNS1,NNS,8,10,2659.0,9.5,1.0
6,control,121.0,dog,1.0,7701728.0,7703308.0,7705392.0,TARGET,newer_NNS2_reverse,NNS,8,10,2084.0,8.0,0.0
6,control,135.0,apple,15.0,8135568.0,8137288.0,8139590.0,TARGET,newer_NNS2_reverse,NNS,14,16,2302.0,8.0,1.0
6,control,123.0,egg,3.0,7752213.0,7754383.0,7756475.0,TARGET,newer_NNS2_reverse,NNS,13,16,2092.0,8.0,0.0
6,control,124.0,swan,4.0,7791532.0,7792622.0,7794749.0,TARGET,newer_NNS2_reverse,NNS,4,5,2127.0,8.0,0.0
6,control,133.0,boat,13.0,8096509.0,8098309.0,8102973.0,TARGET,newer_NNS2_reverse,NNS,4,10,4664.0,8.0,1.0
6,control,126.0,telephone,6.0,7832804.0,7834274.0,7836439.0,TARGET,newer_NNS2_reverse,NNS,14,5,2165.0,8.0,0.0
6,control,131.0,pizza,11.0,8027212.0,8028192.0,8030337.0,TARGET,newer_NNS2_reverse,NNS,12,3,2145.0,8.0,1.0
6,control,130.0,chair,10.0,7977313.0,7979143.0,7981462.0,TARGET,newer_NNS2_reverse,NNS,11,3,2319.0,8.0,1.0
6,exp,128.0,cat,8.0,7907266.0,7908546.0,7913067.0,TARGET,newer_NNS2_reverse,NNS,15,5,4521.0,8.5,0.0
6,exp,125.0,key,5.0,7812838.0,7814168.0,7815973.0,TARGET,newer_NNS2_reverse,NNS,1,16,1805.0,8.5,0.0
6,exp,127.0,icecream,7.0,7867202.0,7869232.0,7872928.0,TARGET,newer_NNS2_reverse,NNS,4,10,3696.0,8.5,0.0
6,exp,132.0,grapes,12.0,8043319.0,8044339.0,8046610.0,TARGET,newer_NNS2_reverse,NNS,6,16,2271.0,8.5,1.0
6,exp,129.0,chicken,9.0,7960807.0,7961967.0,7964358.0,TARGET,newer_NNS2_reverse,NNS,11,5,2391.0,8.5,1.0
6,exp,134.0,lamp,14.0,8121004.0,8122184.0,8125894.0,TARGET,newer_NNS2_reverse,NNS,1,3,3710.0,8.5,1.0
6,exp,122.0,woodenbowl,2.0,7717328.0,7718488.0,7721633.0,COMPETITOR,newer_NNS2_reverse,NNS,15,10,3145.0,8.5,0.0
6,exp,136.0,bluecup,16.0,8168289.0,8170459.0,8173664.0,TARGET,newer_NNS2_reverse,NNS,9,3,3205.0,8.5,1.0
7,control,148.0,cat,8.0,17884861.0,17886161.0,17888408.0,TARGET,newer_NS1_reverse,NS,15,5,2247.0,8.5,0.0
7,control,145.0,key,5.0,17799028.0,17800228.0,17802419.0,TARGET,newer_NS1_reverse,NS,1,16,2191.0,8.5,0.0
7,control,147.0,icecream,7.0,17850096.0,17852106.0,17854838.0,TARGET,newer_NS1_reverse,NS,4,10,2732.0,8.5,0.0
7,control,152.0,grapes,12.0,17999872.0,18000722.0,18003030.0,TARGET,newer_NS1_reverse,NS,6,16,2308.0,8.5,1.0
7,control,149.0,chicken,9.0,17923731.0,17924721.0,17926786.0,TARGET,newer_NS1_reverse,NS,11,5,2065.0,8.5,1.0
7,control,154.0,lamp,14.0,18072483.0,18073423.0,18075939.0,TARGET,newer_NS1_reverse,NS,1,3,2516.0,8.5,1.0
7,control,142.0,woodenbowl,2.0,17704724.0,17705714.0,17707942.0,TARGET,newer_NS1_reverse,NS,15,10,2228.0,8.5,0.0
7,control,156.0,bluecup,16.0,18118769.0,18120549.0,18122445.0,TARGET,newer_NS1_reverse,NS,9,3,1896.0,8.5,1.0
7,exp,141.0,dog,1.0,17684640.0,17686120.0,17690149.0,COMPETITOR,newer_NS1_reverse,NS,8,10,4029.0,8.0,0.0
7,exp,155.0,apple,15.0,18086788.0,18088578.0,18091195.0,TARGET,newer_NS1_reverse,NS,14,16,2617.0,8.0,1.0
7,exp,143.0,egg,3.0,17736830.0,17738560.0,17741024.0,COMPETITOR,newer_NS1_reverse,NS,13,16,2464.0,8.0,0.0
7,exp,144.0,swan,4.0,17775835.0,17776925.0,17779218.0,COMPETITOR,newer_NS1_reverse,NS,4,5,2293.0,8.0,0.0
7,exp,153.0,boat,13.0,18050750.0,18052170.0,18054289.0,TARGET,newer_NS1_reverse,NS,4,10,2119.0,8.0,1.0
7,exp,146.0,telephone,6.0,17815693.0,17817053.0,17819796.0,TARGET,newer_NS1_reverse,NS,14,5,2743.0,8.0,0.0
7,exp,151.0,pizza,11.0,17983042.0,17984032.0,17986453.0,COMPETITOR,newer_NS1_reverse,NS,12,3,2421.0,8.0,1.0
7,exp,150.0,chair,10.0,17938612.0,17940182.0,17942435.0,COMPETITOR,newer_NS1_reverse,NS,11,3,2253.0,8.0,1.0
8,control,161.0,dog,1.0,19215140.0,19216620.0,19219778.0,TARGET,newer_NS2_reverse,NS,8,10,3158.0,8.0,0.0
8,control,175.0,apple,15.0,19638656.0,19640446.0,19643538.0,TARGET,newer_NS2_reverse,NS,14,16,3092.0,8.0,1.0
8,control,163.0,egg,3.0,19267158.0,19268888.0,19270637.0,TARGET,newer_NS2_reverse,NS,13,16,1749.0,8.0,0.0
8,control,164.0,swan,4.0,19306865.0,19307955.0,19309775.0,TARGET,newer_NS2_reverse,NS,4,5,1820.0,8.0,0.0
8,control,173.0,boat,13.0,19599505.0,19600925.0,19603807.0,TARGET,newer_NS2_reverse,NS,4,10,2882.0,8.0,1.0
8,control,166.0,telephone,6.0,19347171.0,19348531.0,19350962.0,TARGET,newer_NS2_reverse,NS,14,5,2431.0,8.0,0.0
8,control,171.0,pizza,11.0,19526662.0,19527652.0,19529804.0,TARGET,newer_NS2_reverse,NS,12,3,2152.0,8.0,1.0
8,control,170.0,chair,10.0,19479548.0,19481118.0,19483441.0,TARGET,newer_NS2_reverse,NS,11,3,2323.0,8.0,1.0
8,exp,168.0,cat,8.0,19417363.0,19418663.0,19421397.0,COMPETITOR,newer_NS2_reverse,NS,15,5,2734.0,8.5,0.0
8,exp,165.0,key,5.0,19327335.0,19328535.0,19330776.0,TARGET,newer_NS2_reverse,NS,1,16,2241.0,8.5,0.0
8,exp,167.0,icecream,7.0,19381132.0,19383142.0,19386123.0,TARGET,newer_NS2_reverse,NS,4,10,2981.0,8.5,0.0
8,exp,172.0,grapes,12.0,19544263.0,19545113.0,19547324.0,TARGET,newer_NS2_reverse,NS,6,16,2211.0,8.5,1.0
8,exp,169.0,chicken,9.0,19461913.0,19462903.0,19465480.0,TARGET,newer_NS2_reverse,NS,11,5,2577.0,8.5,1.0
8,exp,174.0,lamp,14.0,19623219.0,19624159.0,19626793.0,TARGET,newer_NS2_reverse,NS,1,3,2634.0,8.5,1.0
8,exp,162.0,woodenbowl,2.0,19232028.0,19233018.0,19235379.0,COMPETITOR,newer_NS2_reverse,NS,15,10,2361.0,8.5,0.0
8,exp,176.0,bluecup,16.0,19673457.0,19675237.0,19678844.0,TARGET,newer_NS2_reverse,NS,9,3,3607.0,8.5,1.0
9,control,185.0,grapes,5.0,3135951.0,3136971.0,3141706.0,TARGET,newer_NNS1,NNS,6,16,4735.0,9.0,0.0
9,control,187.0,cat,7.0,3235309.0,3236589.0,3238479.0,TARGET,newer_NNS1,NNS,15,5,1890.0,9.0,0.0
9,control,192.0,key,12.0,3382731.0,3384061.0,3386727.0,TARGET,newer_NNS1,NNS,1,16,2666.0,9.0,1.0
9,control,189.0,chicken,9.0,3286853.0,3288013.0,3290705.0,TARGET,newer_NNS1,NNS,11,5,2692.0,9.0,1.0
9,control,190.0,icecream,10.0,3337758.0,3339788.0,3343260.0,TARGET,newer_NNS1,NNS,4,10,3472.0,9.0,1.0
9,control,195.0,woodenbowl,15.0,3479955.0,3481115.0,3485868.0,TARGET,newer_NNS1,NNS,15,10,4753.0,9.0,1.0
9,control,183.0,lamp,3.0,3071520.0,3072700.0,3075511.0,TARGET,newer_NNS1,NNS,1,3,2811.0,9.0,0.0
9,exp,182.0,apple,2.0,3032350.0,3034070.0,3036749.0,TARGET,newer_NNS1,NNS,14,16,2679.0,9.5,0.0
9,exp,196.0,dog,16.0,3517406.0,3518986.0,3522766.0,COMPETITOR,newer_NNS1,NNS,8,10,3780.0,9.5,1.0
9,exp,184.0,boat,4.0,3095436.0,3097236.0,3099856.0,COMPETITOR,newer_NNS1,NNS,4,10,2620.0,9.5,0.0
9,exp,193.0,swan,13.0,3407298.0,3408518.0,3410600.0,COMPETITOR,newer_NNS1,NNS,4,5,2082.0,9.5,1.0
9,exp,186.0,pizza,6.0,3166590.0,3167570.0,3172004.0,COMPETITOR,newer_NNS1,NNS,12,3,4434.0,9.5,0.0
9,exp,191.0,telephone,11.0,3351501.0,3352971.0,3355118.0,COMPETITOR,newer_NNS1,NNS,14,5,2147.0,9.5,1.0
9,exp,188.0,chair,8.0,3252492.0,3254322.0,3256544.0,COMPETITOR,newer_NNS1,NNS,11,3,2222.0,9.5,0.0
9,exp,194.0,egg,14.0,3462606.0,3464776.0,3467123.0,COMPETITOR,newer_NNS1,NNS,13,16,2347.0,9.5,1.0
